<?xml version="1.0" encoding="UTF-8"?>
<document type="com.apple.InterfaceBuilder3.CocoaTouch.Storyboard.XIB" version="3.0" toolsVersion="21701" targetRuntime="iOS.CocoaTouch" propertyAccessControl="none" useAutolayout="YES" useTraitCollections="YES" useSafeAreas="YES" colorMatched="YES" initialViewController="AsU-eV-pum">
    <device id="retina6_12" orientation="portrait" appearance="light"/>
    <dependencies>
        <plugIn identifier="com.apple.InterfaceBuilder.IBCocoaTouchPlugin" version="21679"/>
        <capability name="Safe area layout guides" minToolsVersion="9.0"/>
        <capability name="System colors in document resources" minToolsVersion="11.0"/>
        <capability name="documents saved in the Xcode 8 format" minToolsVersion="8.0"/>
    </dependencies>
    <scenes>
        <!--Surveys-->
        <scene sceneID="IzW-aM-6Wa">
            <objects>
                <viewController id="wd6-Su-hxN" sceneMemberID="viewController">
                    <view key="view" contentMode="scaleToFill" id="xzx-bj-OlA">
                        <rect key="frame" x="0.0" y="0.0" width="393" height="852"/>
                        <autoresizingMask key="autoresizingMask" widthSizable="YES" heightSizable="YES"/>
                        <subviews>
                            <stackView opaque="NO" contentMode="scaleToFill" axis="vertical" distribution="fillProportionally" spacing="10" translatesAutoresizingMaskIntoConstraints="NO" id="UzA-Q6-R4c">
                                <rect key="frame" x="30" y="185" width="333" height="554"/>
                                <subviews>
                                    <tableView clipsSubviews="YES" contentMode="scaleToFill" alwaysBounceVertical="YES" dataMode="static" style="plain" separatorStyle="default" rowHeight="-1" estimatedRowHeight="-1" sectionHeaderHeight="-1" estimatedSectionHeaderHeight="-1" sectionFooterHeight="-1" estimatedSectionFooterHeight="-1" translatesAutoresizingMaskIntoConstraints="NO" id="fos-Wi-vvD">
                                        <rect key="frame" x="0.0" y="0.0" width="333" height="554"/>
                                        <color key="backgroundColor" systemColor="systemBackgroundColor"/>
                                        <color key="sectionIndexBackgroundColor" white="0.0" alpha="1" colorSpace="custom" customColorSpace="genericGamma22GrayColorSpace"/>
                                        <sections>
                                            <tableViewSection id="Ukz-xD-QKP">
                                                <cells>
                                                    <tableViewCell clipsSubviews="YES" contentMode="scaleToFill" preservesSuperviewLayoutMargins="YES" selectionStyle="default" indentationWidth="10" textLabel="mPo-a0-Pgm" detailTextLabel="nTJ-LR-MJR" rowHeight="75" style="IBUITableViewCellStyleSubtitle" id="CiG-Df-FuO">
                                                        <rect key="frame" x="0.0" y="50" width="333" height="75"/>
                                                        <autoresizingMask key="autoresizingMask"/>
                                                        <tableViewCellContentView key="contentView" opaque="NO" clipsSubviews="YES" multipleTouchEnabled="YES" contentMode="center" preservesSuperviewLayoutMargins="YES" insetsLayoutMarginsFromSafeArea="NO" tableViewCell="CiG-Df-FuO" id="rth-3I-hPo">
                                                            <rect key="frame" x="0.0" y="0.0" width="333" height="75"/>
                                                            <autoresizingMask key="autoresizingMask"/>
                                                            <subviews>
                                                                <label opaque="NO" multipleTouchEnabled="YES" contentMode="left" insetsLayoutMarginsFromSafeArea="NO" text="Name" textAlignment="natural" lineBreakMode="tailTruncation" baselineAdjustment="alignBaselines" adjustsFontSizeToFit="NO" id="mPo-a0-Pgm">
                                                                    <rect key="frame" x="20" y="14.999999999999998" width="71" height="31.333333333333332"/>
                                                                    <autoresizingMask key="autoresizingMask"/>
                                                                    <fontDescription key="fontDescription" type="boldSystem" pointSize="26"/>
                                                                    <color key="textColor" systemColor="systemOrangeColor"/>
                                                                    <nil key="highlightedColor"/>
                                                                </label>
                                                                <label opaque="NO" multipleTouchEnabled="YES" contentMode="left" insetsLayoutMarginsFromSafeArea="NO" text="Date of Survey" textAlignment="natural" lineBreakMode="tailTruncation" baselineAdjustment="alignBaselines" adjustsFontSizeToFit="NO" id="nTJ-LR-MJR">
                                                                    <rect key="frame" x="20" y="46.333333333333329" width="83.666666666666671" height="14.333333333333334"/>
                                                                    <autoresizingMask key="autoresizingMask"/>
                                                                    <fontDescription key="fontDescription" type="system" pointSize="0.0"/>
                                                                    <nil key="textColor"/>
                                                                    <nil key="highlightedColor"/>
                                                                </label>
                                                            </subviews>
                                                        </tableViewCellContentView>
                                                    </tableViewCell>
                                                </cells>
                                            </tableViewSection>
                                        </sections>
                                    </tableView>
                                </subviews>
                            </stackView>
                        </subviews>
                        <viewLayoutGuide key="safeArea" id="daO-nl-rMy"/>
                        <color key="backgroundColor" white="0.0" alpha="1" colorSpace="custom" customColorSpace="genericGamma22GrayColorSpace"/>
                        <constraints>
                            <constraint firstItem="daO-nl-rMy" firstAttribute="bottom" secondItem="UzA-Q6-R4c" secondAttribute="bottom" constant="30" id="0tg-0h-66C"/>
                            <constraint firstItem="UzA-Q6-R4c" firstAttribute="leading" secondItem="daO-nl-rMy" secondAttribute="leading" constant="30" id="GE4-sJ-Yu7"/>
                            <constraint firstItem="UzA-Q6-R4c" firstAttribute="top" secondItem="daO-nl-rMy" secondAttribute="top" constant="30" id="OQq-5i-37R"/>
                            <constraint firstItem="daO-nl-rMy" firstAttribute="trailing" secondItem="UzA-Q6-R4c" secondAttribute="trailing" constant="30" id="lKJ-WG-CCd"/>
                        </constraints>
                    </view>
                    <navigationItem key="navigationItem" title="Surveys" id="t7i-dY-Rxd"/>
                    <connections>
                        <segue destination="l12-5z-0lD" kind="show" id="G7w-bi-05h"/>
                    </connections>
                </viewController>
                <placeholder placeholderIdentifier="IBFirstResponder" id="Jaa-ef-oUD" userLabel="First Responder" customClass="UIResponder" sceneMemberID="firstResponder"/>
            </objects>
            <point key="canvasLocation" x="47" y="-4"/>
        </scene>
        <!--Information-->
        <scene sceneID="YiL-Hp-Nje">
            <objects>
                <viewController id="l12-5z-0lD" sceneMemberID="viewController">
                    <view key="view" contentMode="scaleToFill" id="zre-UD-17u">
                        <rect key="frame" x="0.0" y="0.0" width="393" height="852"/>
                        <autoresizingMask key="autoresizingMask" widthSizable="YES" heightSizable="YES"/>
                        <subviews>
                            <stackView opaque="NO" contentMode="scaleToFill" axis="vertical" distribution="fillEqually" spacing="1" translatesAutoresizingMaskIntoConstraints="NO" id="MLa-vL-WaZ">
                                <rect key="frame" x="10" y="185" width="373" height="574"/>
                                <subviews>
                                    <stackView opaque="NO" contentMode="scaleToFill" distribution="fillEqually" spacing="1" translatesAutoresizingMaskIntoConstraints="NO" id="yYv-hE-bGe">
                                        <rect key="frame" x="0.0" y="0.0" width="373" height="81"/>
                                        <subviews>
                                            <label opaque="NO" userInteractionEnabled="NO" contentMode="left" horizontalHuggingPriority="251" verticalHuggingPriority="251" text="Name" lineBreakMode="tailTruncation" baselineAdjustment="alignBaselines" adjustsFontSizeToFit="NO" translatesAutoresizingMaskIntoConstraints="NO" id="Y6a-TR-hbX">
                                                <rect key="frame" x="0.0" y="0.0" width="186" height="81"/>
                                                <color key="backgroundColor" systemColor="systemOrangeColor"/>
                                                <fontDescription key="fontDescription" type="boldSystem" pointSize="20"/>
                                                <nil key="textColor"/>
                                                <nil key="highlightedColor"/>
                                            </label>
                                            <label opaque="NO" userInteractionEnabled="NO" contentMode="left" horizontalHuggingPriority="251" verticalHuggingPriority="251" text="nameInfo" textAlignment="natural" lineBreakMode="tailTruncation" baselineAdjustment="alignBaselines" adjustsFontSizeToFit="NO" translatesAutoresizingMaskIntoConstraints="NO" id="q9A-pn-ZKc">
                                                <rect key="frame" x="187" y="0.0" width="186" height="81"/>
                                                <color key="backgroundColor" systemColor="systemOrangeColor"/>
                                                <fontDescription key="fontDescription" type="boldSystem" pointSize="20"/>
                                                <color key="textColor" white="1" alpha="1" colorSpace="custom" customColorSpace="genericGamma22GrayColorSpace"/>
                                                <nil key="highlightedColor"/>
                                            </label>
                                        </subviews>
                                    </stackView>
                                    <stackView opaque="NO" contentMode="scaleToFill" distribution="fillEqually" spacing="1" translatesAutoresizingMaskIntoConstraints="NO" id="KTe-jp-VZV">
                                        <rect key="frame" x="0.0" y="82" width="373" height="81.333333333333314"/>
                                        <subviews>
                                            <label opaque="NO" userInteractionEnabled="NO" contentMode="left" horizontalHuggingPriority="251" verticalHuggingPriority="251" text="Email" lineBreakMode="tailTruncation" baselineAdjustment="alignBaselines" adjustsFontSizeToFit="NO" translatesAutoresizingMaskIntoConstraints="NO" id="Vb4-xM-TSi">
                                                <rect key="frame" x="0.0" y="0.0" width="186" height="81.333333333333329"/>
                                                <color key="backgroundColor" systemColor="systemOrangeColor"/>
                                                <fontDescription key="fontDescription" type="boldSystem" pointSize="20"/>
                                                <nil key="textColor"/>
                                                <nil key="highlightedColor"/>
                                            </label>
                                            <label opaque="NO" userInteractionEnabled="NO" contentMode="left" horizontalHuggingPriority="251" verticalHuggingPriority="251" text="emailInfo" textAlignment="natural" lineBreakMode="tailTruncation" baselineAdjustment="alignBaselines" adjustsFontSizeToFit="NO" translatesAutoresizingMaskIntoConstraints="NO" id="Jw9-ro-SX7">
                                                <rect key="frame" x="187" y="0.0" width="186" height="81.333333333333329"/>
                                                <color key="backgroundColor" systemColor="systemOrangeColor"/>
                                                <fontDescription key="fontDescription" type="boldSystem" pointSize="20"/>
                                                <color key="textColor" white="1" alpha="1" colorSpace="custom" customColorSpace="genericGamma22GrayColorSpace"/>
                                                <nil key="highlightedColor"/>
                                            </label>
                                        </subviews>
                                    </stackView>
                                    <stackView opaque="NO" contentMode="scaleToFill" distribution="fillEqually" spacing="1" translatesAutoresizingMaskIntoConstraints="NO" id="EYD-Ma-wLd">
                                        <rect key="frame" x="0.0" y="164.33333333333331" width="373" height="81"/>
                                        <subviews>
                                            <label opaque="NO" userInteractionEnabled="NO" contentMode="left" horizontalHuggingPriority="251" verticalHuggingPriority="251" text="Event" lineBreakMode="tailTruncation" baselineAdjustment="alignBaselines" adjustsFontSizeToFit="NO" translatesAutoresizingMaskIntoConstraints="NO" id="neO-eF-SXn">
                                                <rect key="frame" x="0.0" y="0.0" width="186" height="81"/>
                                                <color key="backgroundColor" systemColor="systemOrangeColor"/>
                                                <fontDescription key="fontDescription" type="boldSystem" pointSize="20"/>
                                                <nil key="textColor"/>
                                                <nil key="highlightedColor"/>
                                            </label>
                                            <label opaque="NO" userInteractionEnabled="NO" contentMode="left" horizontalHuggingPriority="251" verticalHuggingPriority="251" text="ageInfo" textAlignment="natural" lineBreakMode="tailTruncation" baselineAdjustment="alignBaselines" adjustsFontSizeToFit="NO" translatesAutoresizingMaskIntoConstraints="NO" id="DI7-Jm-ZLn">
                                                <rect key="frame" x="187" y="0.0" width="186" height="81"/>
                                                <color key="backgroundColor" systemColor="systemOrangeColor"/>
                                                <fontDescription key="fontDescription" type="boldSystem" pointSize="20"/>
                                                <color key="textColor" white="1" alpha="1" colorSpace="custom" customColorSpace="genericGamma22GrayColorSpace"/>
                                                <nil key="highlightedColor"/>
                                            </label>
                                        </subviews>
                                    </stackView>
                                    <stackView opaque="NO" contentMode="scaleToFill" distribution="fillEqually" spacing="1" translatesAutoresizingMaskIntoConstraints="NO" id="83G-2X-lRf">
                                        <rect key="frame" x="0.0" y="246.33333333333334" width="373" height="81.333333333333343"/>
                                        <subviews>
                                            <label opaque="NO" userInteractionEnabled="NO" contentMode="left" horizontalHuggingPriority="251" verticalHuggingPriority="251" text="Comfort" lineBreakMode="tailTruncation" baselineAdjustment="alignBaselines" adjustsFontSizeToFit="NO" translatesAutoresizingMaskIntoConstraints="NO" id="4Qo-s3-c0p">
                                                <rect key="frame" x="0.0" y="0.0" width="186" height="81.333333333333329"/>
                                                <color key="backgroundColor" systemColor="systemOrangeColor"/>
                                                <fontDescription key="fontDescription" type="boldSystem" pointSize="20"/>
                                                <nil key="textColor"/>
                                                <nil key="highlightedColor"/>
                                            </label>
                                            <label opaque="NO" userInteractionEnabled="NO" contentMode="left" horizontalHuggingPriority="251" verticalHuggingPriority="251" text="comfortInfo" textAlignment="natural" lineBreakMode="tailTruncation" baselineAdjustment="alignBaselines" adjustsFontSizeToFit="NO" translatesAutoresizingMaskIntoConstraints="NO" id="pBa-0w-oaa">
                                                <rect key="frame" x="187" y="0.0" width="186" height="81.333333333333329"/>
                                                <color key="backgroundColor" systemColor="systemOrangeColor"/>
                                                <fontDescription key="fontDescription" type="boldSystem" pointSize="20"/>
                                                <color key="textColor" white="1" alpha="1" colorSpace="custom" customColorSpace="genericGamma22GrayColorSpace"/>
                                                <nil key="highlightedColor"/>
                                            </label>
                                        </subviews>
                                    </stackView>
                                    <stackView opaque="NO" contentMode="scaleToFill" distribution="fillEqually" spacing="1" translatesAutoresizingMaskIntoConstraints="NO" id="ddN-N4-hqG">
                                        <rect key="frame" x="0.0" y="328.66666666666663" width="373" height="81"/>
                                        <subviews>
                                            <label opaque="NO" userInteractionEnabled="NO" contentMode="left" horizontalHuggingPriority="251" verticalHuggingPriority="251" text="Safety" lineBreakMode="tailTruncation" baselineAdjustment="alignBaselines" adjustsFontSizeToFit="NO" translatesAutoresizingMaskIntoConstraints="NO" id="QUr-8g-Gjr">
                                                <rect key="frame" x="0.0" y="0.0" width="186" height="81"/>
                                                <color key="backgroundColor" systemColor="systemOrangeColor"/>
                                                <fontDescription key="fontDescription" type="boldSystem" pointSize="20"/>
                                                <nil key="textColor"/>
                                                <nil key="highlightedColor"/>
                                            </label>
                                            <label opaque="NO" userInteractionEnabled="NO" contentMode="left" horizontalHuggingPriority="251" verticalHuggingPriority="251" text="safetyInfo" textAlignment="natural" lineBreakMode="tailTruncation" baselineAdjustment="alignBaselines" adjustsFontSizeToFit="NO" translatesAutoresizingMaskIntoConstraints="NO" id="w8s-Dc-ngm">
                                                <rect key="frame" x="187" y="0.0" width="186" height="81"/>
                                                <color key="backgroundColor" systemColor="systemOrangeColor"/>
                                                <fontDescription key="fontDescription" type="boldSystem" pointSize="20"/>
                                                <color key="textColor" white="1" alpha="1" colorSpace="custom" customColorSpace="genericGamma22GrayColorSpace"/>
                                                <nil key="highlightedColor"/>
                                            </label>
                                        </subviews>
                                    </stackView>
                                    <stackView opaque="NO" contentMode="scaleToFill" distribution="fillEqually" spacing="1" translatesAutoresizingMaskIntoConstraints="NO" id="MwF-sT-0hI">
                                        <rect key="frame" x="0.0" y="410.66666666666663" width="373" height="81.333333333333314"/>
                                        <subviews>
                                            <label opaque="NO" userInteractionEnabled="NO" contentMode="left" horizontalHuggingPriority="251" verticalHuggingPriority="251" text="Security" lineBreakMode="tailTruncation" baselineAdjustment="alignBaselines" adjustsFontSizeToFit="NO" translatesAutoresizingMaskIntoConstraints="NO" id="FM8-2J-3un">
                                                <rect key="frame" x="0.0" y="0.0" width="186" height="81.333333333333329"/>
                                                <color key="backgroundColor" systemColor="systemOrangeColor"/>
                                                <fontDescription key="fontDescription" type="boldSystem" pointSize="20"/>
                                                <nil key="textColor"/>
                                                <nil key="highlightedColor"/>
                                            </label>
                                            <label opaque="NO" userInteractionEnabled="NO" contentMode="left" horizontalHuggingPriority="251" verticalHuggingPriority="251" text="securityInfo" textAlignment="natural" lineBreakMode="tailTruncation" baselineAdjustment="alignBaselines" adjustsFontSizeToFit="NO" translatesAutoresizingMaskIntoConstraints="NO" id="3Fl-I9-trh">
                                                <rect key="frame" x="187" y="0.0" width="186" height="81.333333333333329"/>
                                                <color key="backgroundColor" systemColor="systemOrangeColor"/>
                                                <fontDescription key="fontDescription" type="boldSystem" pointSize="20"/>
                                                <color key="textColor" white="1" alpha="1" colorSpace="custom" customColorSpace="genericGamma22GrayColorSpace"/>
                                                <nil key="highlightedColor"/>
                                            </label>
                                        </subviews>
                                    </stackView>
                                    <stackView opaque="NO" contentMode="scaleToFill" distribution="fillEqually" spacing="1" translatesAutoresizingMaskIntoConstraints="NO" id="j7k-Jo-H4K">
                                        <rect key="frame" x="0.0" y="493" width="373" height="81"/>
                                        <subviews>
                                            <label opaque="NO" userInteractionEnabled="NO" contentMode="left" horizontalHuggingPriority="251" verticalHuggingPriority="251" text="Date" lineBreakMode="tailTruncation" baselineAdjustment="alignBaselines" adjustsFontSizeToFit="NO" translatesAutoresizingMaskIntoConstraints="NO" id="QYu-Y2-l12">
                                                <rect key="frame" x="0.0" y="0.0" width="186" height="81"/>
                                                <color key="backgroundColor" systemColor="systemOrangeColor"/>
                                                <fontDescription key="fontDescription" type="boldSystem" pointSize="20"/>
                                                <nil key="textColor"/>
                                                <nil key="highlightedColor"/>
                                            </label>
                                            <label opaque="NO" userInteractionEnabled="NO" contentMode="left" horizontalHuggingPriority="251" verticalHuggingPriority="251" text="dateInfo" textAlignment="natural" lineBreakMode="tailTruncation" baselineAdjustment="alignBaselines" adjustsFontSizeToFit="NO" translatesAutoresizingMaskIntoConstraints="NO" id="2s0-cQ-Noo">
                                                <rect key="frame" x="187" y="0.0" width="186" height="81"/>
                                                <color key="backgroundColor" systemColor="systemOrangeColor"/>
                                                <fontDescription key="fontDescription" type="boldSystem" pointSize="20"/>
                                                <color key="textColor" white="1" alpha="1" colorSpace="custom" customColorSpace="genericGamma22GrayColorSpace"/>
                                                <nil key="highlightedColor"/>
                                            </label>
                                        </subviews>
                                    </stackView>
                                </subviews>
                            </stackView>
                        </subviews>
                        <viewLayoutGuide key="safeArea" id="lbB-yj-ca9"/>
                        <color key="backgroundColor" white="0.0" alpha="1" colorSpace="custom" customColorSpace="genericGamma22GrayColorSpace"/>
                        <constraints>
                            <constraint firstItem="MLa-vL-WaZ" firstAttribute="top" secondItem="lbB-yj-ca9" secondAttribute="top" constant="30" id="4ZE-EU-d2p"/>
                            <constraint firstItem="MLa-vL-WaZ" firstAttribute="leading" secondItem="lbB-yj-ca9" secondAttribute="leading" constant="10" id="L6V-F6-dJ4"/>
                            <constraint firstItem="lbB-yj-ca9" firstAttribute="bottom" secondItem="MLa-vL-WaZ" secondAttribute="bottom" constant="10" id="gnM-1o-CRR"/>
                            <constraint firstItem="lbB-yj-ca9" firstAttribute="trailing" secondItem="MLa-vL-WaZ" secondAttribute="trailing" constant="10" id="oui-X7-BS7"/>
                        </constraints>
                    </view>
                    <navigationItem key="navigationItem" title="Information" id="y3n-Rz-7u1"/>
                </viewController>
                <placeholder placeholderIdentifier="IBFirstResponder" id="9yk-mt-yWz" userLabel="First Responder" customClass="UIResponder" sceneMemberID="firstResponder"/>
            </objects>
            <point key="canvasLocation" x="725.95419847328242" y="-4.2253521126760569"/>
        </scene>
        <!--Stadium Survey-->
        <scene sceneID="tne-QT-ifu">
            <objects>
                <viewController id="BYZ-38-t0r" customClass="ViewController" customModule="StadiumSurveyProject" customModuleProvider="target" sceneMemberID="viewController">
                    <view key="view" contentMode="scaleToFill" id="8bC-Xf-vdC">
                        <rect key="frame" x="0.0" y="0.0" width="393" height="852"/>
                        <autoresizingMask key="autoresizingMask" widthSizable="YES" heightSizable="YES"/>
                        <subviews>
                            <stackView opaque="NO" contentMode="scaleToFill" axis="vertical" spacing="30" translatesAutoresizingMaskIntoConstraints="NO" id="LRK-fe-tc0">
                                <rect key="frame" x="30" y="185" width="333" height="637"/>
                                <subviews>
                                    <stackView opaque="NO" contentMode="scaleToFill" axis="vertical" spacing="10" translatesAutoresizingMaskIntoConstraints="NO" id="VWb-dJ-ePg">
                                        <rect key="frame" x="0.0" y="0.0" width="333" height="417.66666666666669"/>
                                        <subviews>
                                            <textField opaque="NO" contentMode="scaleToFill" horizontalHuggingPriority="248" contentHorizontalAlignment="left" contentVerticalAlignment="center" borderStyle="roundedRect" placeholder="Enter Name" textAlignment="center" minimumFontSize="17" translatesAutoresizingMaskIntoConstraints="NO" id="LSl-gy-d3x">
                                                <rect key="frame" x="0.0" y="0.0" width="333" height="48.666666666666664"/>
                                                <fontDescription key="fontDescription" type="system" pointSize="14"/>
                                                <textInputTraits key="textInputTraits"/>
                                            </textField>
                                            <textField opaque="NO" contentMode="scaleToFill" horizontalHuggingPriority="248" contentHorizontalAlignment="left" contentVerticalAlignment="center" borderStyle="roundedRect" placeholder="Email" textAlignment="center" minimumFontSize="17" translatesAutoresizingMaskIntoConstraints="NO" id="Oxd-vX-u6v">
                                                <rect key="frame" x="0.0" y="58.666666666666657" width="333" height="34"/>
                                                <fontDescription key="fontDescription" type="system" pointSize="14"/>
                                                <textInputTraits key="textInputTraits"/>
                                            </textField>
                                            <textField opaque="NO" contentMode="scaleToFill" horizontalHuggingPriority="248" contentHorizontalAlignment="left" contentVerticalAlignment="center" borderStyle="roundedRect" placeholder="Phone" textAlignment="center" minimumFontSize="17" translatesAutoresizingMaskIntoConstraints="NO" id="t2D-Cs-gTU">
                                                <rect key="frame" x="0.0" y="102.66666666666669" width="333" height="34"/>
                                                <fontDescription key="fontDescription" type="system" pointSize="14"/>
                                                <textInputTraits key="textInputTraits"/>
                                            </textField>
                                            <datePicker contentMode="scaleToFill" contentHorizontalAlignment="center" contentVerticalAlignment="center" datePickerMode="date" translatesAutoresizingMaskIntoConstraints="NO" id="DlN-HL-iH2">
                                                <rect key="frame" x="0.0" y="146.66666666666669" width="333" height="271"/>
                                                <color key="backgroundColor" systemColor="systemOrangeColor"/>
                                            </datePicker>
                                        </subviews>
                                    </stackView>
                                    <stackView opaque="NO" contentMode="scaleToFill" axis="vertical" spacing="16" translatesAutoresizingMaskIntoConstraints="NO" id="DUH-Ev-DBh">
                                        <rect key="frame" x="0.0" y="447.66666666666663" width="333" height="125"/>
                                        <subviews>
                                            <stackView opaque="NO" contentMode="scaleToFill" distribution="fillProportionally" spacing="10" translatesAutoresizingMaskIntoConstraints="NO" id="EbO-iA-jw5">
                                                <rect key="frame" x="0.0" y="0.0" width="333" height="31"/>
                                                <subviews>
                                                    <label opaque="NO" userInteractionEnabled="NO" contentMode="left" horizontalHuggingPriority="251" verticalHuggingPriority="251" text="Comfort" lineBreakMode="tailTruncation" baselineAdjustment="alignBaselines" adjustsFontSizeToFit="NO" translatesAutoresizingMaskIntoConstraints="NO" id="EZ4-bw-KTC">
                                                        <rect key="frame" x="0.0" y="0.0" width="100" height="31"/>
                                                        <color key="backgroundColor" white="0.0" alpha="1" colorSpace="custom" customColorSpace="genericGamma22GrayColorSpace"/>
                                                        <constraints>
                                                            <constraint firstAttribute="width" constant="100" id="u2S-6e-vrs"/>
                                                        </constraints>
                                                        <fontDescription key="fontDescription" type="system" pointSize="17"/>
                                                        <color key="textColor" systemColor="systemOrangeColor"/>
                                                        <nil key="highlightedColor"/>
                                                    </label>
                                                    <segmentedControl opaque="NO" contentMode="scaleToFill" contentHorizontalAlignment="left" contentVerticalAlignment="top" segmentControlStyle="plain" selectedSegmentIndex="0" translatesAutoresizingMaskIntoConstraints="NO" id="GXd-xm-ZNr">
                                                        <rect key="frame" x="110" y="0.0" width="223" height="32"/>
                                                        <color key="backgroundColor" white="0.0" alpha="1" colorSpace="custom" customColorSpace="genericGamma22GrayColorSpace"/>
                                                        <segments>
                                                            <segment title="1"/>
                                                            <segment title="2"/>
                                                            <segment title="3"/>
                                                            <segment title=""/>
                                                            <segment title=""/>
                                                        </segments>
                                                        <color key="tintColor" red="0.60784313729999995" green="0.78823529410000004" blue="0.25490196079999999" alpha="1" colorSpace="custom" customColorSpace="displayP3"/>
                                                        <color key="selectedSegmentTintColor" white="1" alpha="1" colorSpace="custom" customColorSpace="genericGamma22GrayColorSpace"/>
                                                    </segmentedControl>
                                                </subviews>
                                            </stackView>
                                            <stackView opaque="NO" contentMode="scaleToFill" distribution="fillProportionally" spacing="10" translatesAutoresizingMaskIntoConstraints="NO" id="q7G-te-r7I">
                                                <rect key="frame" x="0.0" y="47" width="333" height="31"/>
                                                <subviews>
                                                    <label opaque="NO" userInteractionEnabled="NO" contentMode="left" horizontalHuggingPriority="251" verticalHuggingPriority="251" text="Safety" lineBreakMode="tailTruncation" baselineAdjustment="alignBaselines" adjustsFontSizeToFit="NO" translatesAutoresizingMaskIntoConstraints="NO" id="K6N-uw-74z">
                                                        <rect key="frame" x="0.0" y="0.0" width="100" height="31"/>
                                                        <color key="backgroundColor" white="0.0" alpha="1" colorSpace="custom" customColorSpace="genericGamma22GrayColorSpace"/>
                                                        <constraints>
                                                            <constraint firstAttribute="width" constant="100" id="3dS-Gg-XWg"/>
                                                        </constraints>
                                                        <fontDescription key="fontDescription" type="system" pointSize="17"/>
                                                        <color key="textColor" systemColor="systemOrangeColor"/>
                                                        <nil key="highlightedColor"/>
                                                    </label>
                                                    <segmentedControl opaque="NO" contentMode="scaleToFill" contentHorizontalAlignment="left" contentVerticalAlignment="top" segmentControlStyle="plain" selectedSegmentIndex="0" translatesAutoresizingMaskIntoConstraints="NO" id="vqM-8V-Kg4">
                                                        <rect key="frame" x="110" y="0.0" width="223" height="32"/>
                                                        <color key="backgroundColor" white="0.0" alpha="1" colorSpace="custom" customColorSpace="genericGamma22GrayColorSpace"/>
                                                        <segments>
                                                            <segment title="1"/>
                                                            <segment title="2"/>
                                                            <segment title="3"/>
                                                            <segment title=""/>
                                                            <segment title=""/>
                                                        </segments>
                                                        <color key="tintColor" red="0.60784313729999995" green="0.78823529410000004" blue="0.25490196079999999" alpha="1" colorSpace="custom" customColorSpace="displayP3"/>
                                                        <color key="selectedSegmentTintColor" white="1" alpha="1" colorSpace="custom" customColorSpace="genericGamma22GrayColorSpace"/>
                                                    </segmentedControl>
                                                </subviews>
                                            </stackView>
                                            <stackView opaque="NO" contentMode="scaleToFill" distribution="fillProportionally" spacing="10" translatesAutoresizingMaskIntoConstraints="NO" id="zk9-Fw-Its">
                                                <rect key="frame" x="0.0" y="94" width="333" height="31"/>
                                                <subviews>
                                                    <label opaque="NO" userInteractionEnabled="NO" contentMode="left" horizontalHuggingPriority="251" verticalHuggingPriority="251" text="Security" lineBreakMode="tailTruncation" baselineAdjustment="alignBaselines" adjustsFontSizeToFit="NO" translatesAutoresizingMaskIntoConstraints="NO" id="nfK-gP-5yP">
                                                        <rect key="frame" x="0.0" y="0.0" width="98.666666666666671" height="31"/>
                                                        <color key="backgroundColor" white="0.0" alpha="1" colorSpace="custom" customColorSpace="genericGamma22GrayColorSpace"/>
                                                        <fontDescription key="fontDescription" type="system" pointSize="17"/>
                                                        <color key="textColor" systemColor="systemOrangeColor"/>
                                                        <nil key="highlightedColor"/>
                                                    </label>
                                                    <segmentedControl opaque="NO" contentMode="scaleToFill" contentHorizontalAlignment="left" contentVerticalAlignment="top" segmentControlStyle="plain" selectedSegmentIndex="0" translatesAutoresizingMaskIntoConstraints="NO" id="Dht-4m-zSD">
                                                        <rect key="frame" x="108.66666666666664" y="0.0" width="224.33333333333337" height="32"/>
                                                        <color key="backgroundColor" white="0.0" alpha="1" colorSpace="custom" customColorSpace="genericGamma22GrayColorSpace"/>
                                                        <segments>
                                                            <segment title="1"/>
                                                            <segment title="2"/>
                                                            <segment title="3"/>
                                                            <segment title=""/>
                                                            <segment title=""/>
                                                        </segments>
                                                        <color key="tintColor" red="0.60784313729999995" green="0.78823529410000004" blue="0.25490196079999999" alpha="1" colorSpace="custom" customColorSpace="displayP3"/>
                                                        <color key="selectedSegmentTintColor" white="1" alpha="1" colorSpace="custom" customColorSpace="genericGamma22GrayColorSpace"/>
                                                    </segmentedControl>
                                                </subviews>
                                            </stackView>
                                        </subviews>
                                    </stackView>
                                    <stackView opaque="NO" contentMode="scaleToFill" spacing="10" translatesAutoresizingMaskIntoConstraints="NO" id="fpW-Xb-fC2">
                                        <rect key="frame" x="0.0" y="602.66666666666663" width="333" height="34.333333333333371"/>
                                        <subviews>
                                            <button opaque="NO" contentMode="scaleToFill" ambiguous="YES" contentHorizontalAlignment="center" contentVerticalAlignment="center" buttonType="system" lineBreakMode="middleTruncation" translatesAutoresizingMaskIntoConstraints="NO" id="H2U-7P-lzV">
                                                <rect key="frame" x="0.0" y="0.0" width="70.666666666666671" height="34.333333333333336"/>
                                                <color key="backgroundColor" white="0.0" alpha="1" colorSpace="custom" customColorSpace="genericGamma22GrayColorSpace"/>
                                                <state key="normal" title="Button"/>
                                                <buttonConfiguration key="configuration" style="plain" title="Save">
                                                    <color key="baseForegroundColor" systemColor="systemOrangeColor"/>
                                                </buttonConfiguration>
                                                <connections>
                                                    <segue destination="wd6-Su-hxN" kind="show" id="mot-Sc-GQg"/>
                                                </connections>
                                            </button>
                                            <button opaque="NO" contentMode="scaleToFill" ambiguous="YES" contentHorizontalAlignment="center" contentVerticalAlignment="center" buttonType="system" lineBreakMode="middleTruncation" translatesAutoresizingMaskIntoConstraints="NO" id="PXB-7d-Zc6">
                                                <rect key="frame" x="80.666666666666686" y="0.0" width="104.33333333333331" height="34.333333333333336"/>
                                                <color key="backgroundColor" white="0.0" alpha="1" colorSpace="custom" customColorSpace="genericGamma22GrayColorSpace"/>
                                                <state key="normal" title="Button"/>
                                                <buttonConfiguration key="configuration" style="plain" title="+">
                                                    <color key="baseForegroundColor" systemColor="systemOrangeColor"/>
                                                </buttonConfiguration>
                                            </button>
                                            <button opaque="NO" contentMode="scaleToFill" ambiguous="YES" contentHorizontalAlignment="center" contentVerticalAlignment="center" buttonType="system" lineBreakMode="middleTruncation" translatesAutoresizingMaskIntoConstraints="NO" id="Bn6-F6-dh4">
                                                <rect key="frame" x="195" y="0.0" width="75" height="34.333333333333336"/>
                                                <color key="backgroundColor" white="0.0" alpha="1" colorSpace="custom" customColorSpace="genericGamma22GrayColorSpace"/>
                                                <state key="normal" title="Button"/>
                                                <buttonConfiguration key="configuration" style="plain" title="Button">
                                                    <color key="baseForegroundColor" systemColor="systemRedColor"/>
                                                </buttonConfiguration>
                                            </button>
                                            <button opaque="NO" contentMode="scaleToFill" ambiguous="YES" contentHorizontalAlignment="center" contentVerticalAlignment="center" buttonType="system" lineBreakMode="middleTruncation" translatesAutoresizingMaskIntoConstraints="NO" id="nZE-Mr-ee8">
                                                <rect key="frame" x="280" y="0.0" width="53" height="34.333333333333336"/>
                                                <color key="backgroundColor" white="0.0" alpha="1" colorSpace="custom" customColorSpace="genericGamma22GrayColorSpace"/>
                                                <state key="normal" title="Button"/>
                                                <buttonConfiguration key="configuration" style="plain" image="book" catalog="system">
                                                    <color key="baseForegroundColor" white="1" alpha="1" colorSpace="custom" customColorSpace="genericGamma22GrayColorSpace"/>
                                                </buttonConfiguration>
                                            </button>
                                        </subviews>
                                    </stackView>
                                </subviews>
                            </stackView>
                        </subviews>
                        <viewLayoutGuide key="safeArea" id="6Tk-OE-BBY"/>
                        <color key="backgroundColor" white="0.0" alpha="1" colorSpace="custom" customColorSpace="genericGamma22GrayColorSpace"/>
                        <constraints>
                            <constraint firstItem="6Tk-OE-BBY" firstAttribute="trailing" secondItem="LRK-fe-tc0" secondAttribute="trailing" constant="30" id="01O-48-HQ7"/>
                            <constraint firstItem="LRK-fe-tc0" firstAttribute="top" secondItem="6Tk-OE-BBY" secondAttribute="top" constant="30" id="QiQ-Ux-Dnp"/>
                            <constraint firstItem="LRK-fe-tc0" firstAttribute="leading" secondItem="6Tk-OE-BBY" secondAttribute="leading" constant="30" id="vK8-5O-owV"/>
                            <constraint firstAttribute="bottom" secondItem="LRK-fe-tc0" secondAttribute="bottom" constant="30" id="vcb-Oa-Ysm"/>
                        </constraints>
                    </view>
                    <toolbarItems/>
                    <navigationItem key="navigationItem" title="Stadium Survey" id="pOu-d1-VZI"/>
                    <simulatedToolbarMetrics key="simulatedBottomBarMetrics"/>
                </viewController>
                <placeholder placeholderIdentifier="IBFirstResponder" id="dkx-z0-nzr" sceneMemberID="firstResponder"/>
            </objects>
            <point key="canvasLocation" x="-625.19083969465646" y="-3.5211267605633805"/>
        </scene>
        <!--Navigation Controller-->
        <scene sceneID="TO5-PG-WLE">
            <objects>
                <navigationController automaticallyAdjustsScrollViewInsets="NO" id="AsU-eV-pum" sceneMemberID="viewController">
                    <toolbarItems/>
                    <navigationBar key="navigationBar" contentMode="scaleToFill" largeTitles="YES" id="Mw1-Jr-EoR">
                        <rect key="frame" x="0.0" y="59" width="393" height="96"/>
                        <autoresizingMask key="autoresizingMask"/>
                        <color key="barTintColor" systemColor="systemOrangeColor"/>
                        <textAttributes key="titleTextAttributes">
                            <color key="textColor" systemColor="systemOrangeColor"/>
                        </textAttributes>
                        <textAttributes key="largeTitleTextAttributes">
                            <color key="textColor" systemColor="systemOrangeColor"/>
                        </textAttributes>
                    </navigationBar>
                    <nil name="viewControllers"/>
                    <connections>
                        <segue destination="BYZ-38-t0r" kind="relationship" relationship="rootViewController" id="4qj-na-Y4c"/>
                    </connections>
                </navigationController>
                <placeholder placeholderIdentifier="IBFirstResponder" id="4x6-Iu-bjo" userLabel="First Responder" customClass="UIResponder" sceneMemberID="firstResponder"/>
            </objects>
            <point key="canvasLocation" x="-1337" y="-8"/>
        </scene>
    </scenes>
    <resources>
        <image name="book" catalog="system" width="128" height="99"/>
        <systemColor name="systemBackgroundColor">
            <color white="1" alpha="1" colorSpace="custom" customColorSpace="genericGamma22GrayColorSpace"/>
        </systemColor>
        <systemColor name="systemOrangeColor">
            <color red="1" green="0.58431372549019611" blue="0.0" alpha="1" colorSpace="custom" customColorSpace="sRGB"/>
        </systemColor>
        <systemColor name="systemRedColor">
            <color red="1" green="0.23137254901960785" blue="0.18823529411764706" alpha="1" colorSpace="custom" customColorSpace="sRGB"/>
        </systemColor>
    </resources>
</document>
